id,site_id,project_company_id,size_kwdc,ato_date,in_service_date,host_type,revenue_type,interconnection_type,registry_facility_name,cref_short_name,subscriber_orginization,system_yield_as_built,system_yield_finance,annual_degradation_engr,annual_degradation_finance,created_on,updated_on
CPoSogbT,1,1,273,2018-10-07,2018-10-30,C&I,,NEM,NON232303,,,1263.7,1263.7,0.005,,2021-06-03 03:59:23.473649,
ndFokMkm,1,2,19.43,2019-12-30,,C&I,,NEM,NON294344,,,1223.4,1250,,,2021-06-03 03:59:23.473649,
q5W3DpBs,1,3,57.6,2017-08-31,,C&I,,NEM,,,,1267,1250,0.005,,2021-06-03 03:59:23.473649,
UpYGrkaP,1,4,53.13,2019-09-06,,C&I,,NEM,NON280635,,,0,,,,2021-06-03 03:59:23.473649,
t6Pwm8dh,1,5,69.9,2020-12-29,,C&I,,,,,,1239.6,1239.6,0.005,,2021-06-03 03:59:23.473649,
R5zYRTnN,1,6,3.24,2018-05-22,,Residential,Zero Cent PPA,NEM,NON228082,,,1250,1250,0.005,,2021-06-03 03:59:23.473649,
VkGnY688,1,7,627.84,2020-06-30,,C&I,,NEM,NON303003,,,1254.4,1254.4,0.005,,2021-06-03 03:59:23.473649,
MtX3HfSc,1,8,7.2,2019-08-24,,Residential,,,NON270441,,,0,1250,0.005,0.005,2021-06-03 03:59:23.473649,
3KKhJjqQ,1,9,,,,C&I,,,,,,,,,,2021-06-03 03:59:23.473649,
ZPXBVxJx,1,9,,,,C&I,,,,,,,,,,2021-06-03 03:59:23.473649,
aqR9BWfD,1,9,,,,C&I,,,,,,,,,,2021-06-03 03:59:23.473649,
VRDXNKAg,1,9,,,,C&I,,,,,,,,,,2021-06-03 03:59:23.473649,
QEZahoFa,1,9,,,,C&I,,,,,,,,,,2021-06-03 03:59:23.473649,
SvR4VVk5,1,9,,,,C&I,,,,,,,,,,2021-06-03 03:59:23.473649,
daSvL2cF,1,9,,,,C&I,,,,,,,,,,2021-06-03 03:59:23.473649,
PtzuUBA4,1,9,,,,C&I,,,,,,,,,,2021-06-03 03:59:23.473649,
TNWT9Rzn,1,9,,,,C&I,,,,,,,,,,2021-06-03 03:59:23.473649,
8iqpEBUU,1,10,115.9,2019-09-19,,C&I,,,,,,1266.9,1270.5,0.005,0.005,2021-06-03 03:59:23.473649,
fiGK3YxL,1,11,5.89,2016-09-14,,Residential,,,NON208813,,,0,1250,0.005,0.005,2021-06-03 03:59:23.473649,
riycX5Ue,1,11,5.89,2016-09-14,,Residential,Zero Cent PPA,NEM,,,,1250,1250,0.005,,2021-06-03 03:59:23.473649,
CuUiRxZb,1,12,6.03,2019-02-19,,Residential,,,NON258313,,,0,1250,0.005,0.005,2021-06-03 03:59:23.473649,
Jym9orkR,1,13,6.84,2017-10-26,2017-10-26,Residential,Zero Cent PPA,NEM,NON216861,,,1250,1250,0.005,,2021-06-03 03:59:23.473649,
haS2bEgY,1,14,4.2,2019-10-29,2019-10-29,Residential,Zero Cent PPA,NEM,NON280881,,,1250,1250,0.005,0.005,2021-06-03 03:59:23.473649,
GF5BqfRj,1,14,4.48,2019-12-30,2019-12-30,Residential,Zero Cent PPA,NEM,NON297929,,,1250,1250,0.005,0.005,2021-06-03 03:59:23.473649,
Z9V6PobJ,1,14,5.6,2019-10-30,2019-10-30,Residential,Zero Cent PPA,NEM,NON280466,,,1250,1250,0.005,0.005,2021-06-03 03:59:23.473649,
oEuVcXev,1,14,3.36,2019-12-09,2019-12-09,Residential,Zero Cent PPA,NEM,NON297895,,,1250,1250,0.005,0.005,2021-06-03 03:59:23.473649,
iiqjZWBK,1,14,4.48,2019-12-20,2019-12-20,Residential,Zero Cent PPA,NEM,NON297915,,,1250,1250,0.005,0.005,2021-06-03 03:59:23.473649,
J5VRVizM,1,14,4.48,2019-10-29,2019-10-29,Residential,Zero Cent PPA,NEM,NON280875,,,1250,1250,0.005,0.005,2021-06-03 03:59:23.473649,
XuQsUU9o,1,14,4.48,2019-10-29,2019-10-29,Residential,Zero Cent PPA,NEM,NON280699,,,1250,1250,0.005,0.005,2021-06-03 03:59:23.473649,
netQJP7e,1,14,4.48,2019-10-29,2019-10-29,Residential,Zero Cent PPA,NEM,NON293878,,,1250,1250,0.005,0.005,2021-06-03 03:59:23.473649,
mfSjnfEX,1,14,3.36,2019-12-05,2019-12-05,Residential,Zero Cent PPA,NEM,NON297402,,,1250,1250,0.005,0.005,2021-06-03 03:59:23.473649,
8oC52fNY,1,14,2.24,2019-10-30,2019-10-30,Residential,Zero Cent PPA,NEM,NON280876,,,1250,1250,0.005,0.005,2021-06-03 03:59:23.473649,
ptYR7mbQ,1,14,6.72,2019-12-09,2019-12-09,Residential,Zero Cent PPA,NEM,NON297919,,,1250,1250,0.005,0.005,2021-06-03 03:59:23.473649,
WjXNs3Ym,1,14,4.48,2019-10-30,2019-10-30,Residential,Zero Cent PPA,NEM,NON293881,,,1250,1250,0.005,0.005,2021-06-03 03:59:23.473649,
FdN6HbqA,1,14,5.88,2019-12-26,2019-12-26,Residential,Zero Cent PPA,NEM,NON297923,,,1250,1250,0.005,0.005,2021-06-03 03:59:23.473649,
Xcc64z9Z,1,14,6.44,2019-10-29,2019-10-29,Residential,Zero Cent PPA,NEM,NON280978,,,1250,1250,0.005,0.005,2021-06-03 03:59:23.473649,
JMxZ9jMU,1,14,6.72,2019-10-30,2019-10-30,Residential,Zero Cent PPA,NEM,NON280700,,,1250,1250,0.005,0.005,2021-06-03 03:59:23.473649,
iHTs3QMh,1,14,3.08,2019-10-29,2019-10-29,Residential,Zero Cent PPA,NEM,NON280432,,,1250,1250,0.005,0.005,2021-06-03 03:59:23.473649,
mbcxZG32,1,14,4.48,2019-12-20,2019-12-20,Residential,Zero Cent PPA,NEM,NON297860,,,1250,1250,0.005,0.005,2021-06-03 03:59:23.473649,
nuaNte34,1,14,4.48,2019-10-29,2019-10-29,Residential,Zero Cent PPA,NEM,NON293884,,,1250,1250,0.005,0.005,2021-06-03 03:59:23.473649,
UuqbggTF,1,14,3.92,2019-12-05,2019-12-05,Residential,Zero Cent PPA,NEM,NON297858,,,1250,1250,0.005,0.005,2021-06-03 03:59:23.473649,
4BS6vBj7,1,14,4.2,2019-10-29,2019-10-29,Residential,Zero Cent PPA,NEM,NON280468,,,1250,1250,0.005,0.005,2021-06-03 03:59:23.473649,
Gt8pjKeP,1,14,6.72,2019-10-29,2019-10-29,Residential,Zero Cent PPA,NEM,NON281147,,,1250,1250,0.005,0.005,2021-06-03 03:59:23.473649,
h7U7DpYW,1,14,4.2,2019-10-29,2019-10-29,Residential,Zero Cent PPA,NEM,NON280467,,,1250,1250,0.005,0.005,2021-06-03 03:59:23.473649,
t7rybQkZ,1,14,3.64,2019-10-29,2019-10-29,Residential,Zero Cent PPA,NEM,NON280487,,,1250,1250,0.005,0.005,2021-06-03 03:59:23.473649,
XZ38mHEp,1,14,4.48,2019-10-30,2019-10-30,Residential,Zero Cent PPA,NEM,NON278657,,,1250,1250,0.005,0.005,2021-06-03 03:59:23.473649,
qPW237LU,1,14,5.88,2020-01-16,2020-01-16,Residential,Zero Cent PPA,NEM,NON297907,,,1250,1250,0.005,0.005,2021-06-03 03:59:23.473649,
aXe4fTCt,1,14,6.72,2019-10-29,2019-10-29,Residential,Zero Cent PPA,NEM,NON280883,,,1250,1250,0.005,0.005,2021-06-03 03:59:23.473649,
FJViFyiS,1,14,3.08,2019-10-29,2019-10-29,Residential,Zero Cent PPA,NEM,NON280882,,,1250,1250,0.005,0.005,2021-06-03 03:59:23.473649,
fTuS2UKV,1,14,3.92,2019-12-03,2019-12-03,Residential,Zero Cent PPA,NEM,NON297403,,,1250,1250,0.005,0.005,2021-06-03 03:59:23.473649,
eZrAN8XD,1,14,3.36,2019-10-29,2019-10-29,Residential,Zero Cent PPA,NEM,NON280850,,,1250,1250,0.005,0.005,2021-06-03 03:59:23.473649,
RTDxAJeR,1,14,5.04,2019-10-28,2019-10-28,Residential,Zero Cent PPA,NEM,NON280488,,,1250,1250,0.005,0.005,2021-06-03 03:59:23.473649,
jZWEeuhJ,1,15,43.92,2018-07-10,,C&I,,NEM,NON231026,,,1300,1300,0.005,,2021-06-03 03:59:23.473649,
MUir9B9s,1,16,12.24,2018-12-06,,C&I,NEM,NEM,NON242072,,,1307,1307,0.005,,2021-06-03 03:59:23.473649,
5Q6T8Cm7,1,17,6.7,2018-11-28,,Residential,NEM,NEM,NON241642,,,1250,1250,0.005,0.005,2021-06-03 03:59:23.473649,
HUGZ57wv,1,18,81.36,2018-05-10,2018-11-08,C&I,CREF,CREF,NON241348,NCS05,Arcadia,1078.3,1371,0.005,,2021-06-03 03:59:23.473649,
RZdqcB2k,1,18,23.12,2018-09-28,,C&I,CREF,CREF,NON241352,NCS04,Arcadia,1235.8,1224,0.005,,2021-06-03 03:59:23.473649,
XVnEQY7q,1,18,54.4,2018-06-09,,C&I,NEM,NEM,NON238858,,,1184.4,1308,0.005,,2021-06-03 03:59:23.473649,
sK7fpynM,1,18,26.18,2018-09-27,,C&I,CREF,CREF,NON241383,NCS01,Arcadia,1228.7,1338,0.005,0.005,2021-06-03 03:59:23.473649,
8EaZmYXK,1,18,26.18,2018-03-10,,C&I,CREF,CREF,NON241367,NCS07,Arcadia,1240.8,1327,0.005,,2021-06-03 03:59:23.473649,
Vp76QKue,1,18,26.18,2018-09-28,,C&I,CREF,CREF,NON241371,NCS02,Arcadia,1244.9,1335,0.005,,2021-06-03 03:59:23.473649,
bTUPD3c4,1,18,26.2,2018-09-28,,C&I,CREF,CREF,NON241379,NCS03,Arcadia,1239.5,1323,0.005,,2021-06-03 03:59:23.473649,
9XzKr8aF,1,19,165.6,2020-03-12,,C&I,,CREF,NON296501,,,1250,1250,0.005,0.0025,2021-06-03 03:59:23.473649,
iX5jtjeR,1,20,241.2,2020-05-29,,C&I,SFA,CREF,NON299011,,,1242.5,1242.5,0.005,0.0025,2021-06-03 03:59:23.473649,
GeNrbxca,1,20,70.6,2020-07-17,,C&I,,NEM,NON304535,,,1282.2,1282.2,0.005,0.0025,2021-06-03 03:59:23.473649,
ihk67mGn,1,21,75.2,2020-02-10,2020-02-13,C&I,CREF,CREF,NON296498,,,1232,1234,0.005,0.0025,2021-06-03 03:59:23.473649,
dk7bTaMQ,1,22,42.1,2018-07-12,2018-12-08,C&I,,NEM,NON242066,,,1219.5,1296,0.005,,2021-06-03 03:59:23.473649,
S3cKontx,1,22,43.9,2018-10-20,2019-01-25,C&I,,NEM,NON242065,,,1244.3,1308,0.005,,2021-06-03 03:59:23.473649,
kndhjxQw,1,22,45,2018-11-20,2018-12-10,C&I,,NEM,NON241675,,,1247,1274.300048828125,0.005,0.005,2021-06-03 03:59:23.473649,
oamkKPWL,1,22,38.5,2018-07-12,2019-01-07,C&I,,NEM,NON242064,,,1225.3,1375,0.005,,2021-06-03 03:59:23.473649,
cQWc6aEf,1,22,42.84,2018-11-19,2018-12-31,C&I,,NEM,NON241713,,,1208.1,1365,0.005,,2021-06-03 03:59:23.473649,
F3THFVUN,1,23,94.31999969482422,2020-03-03,2020-02-11,C&I,CREF,CREF,NON298305,NCS19,CleanChoice,1261,1329,0.005,0.0025,2021-06-03 03:59:23.473649,
7ZDKyY35,1,24,174.57,2019-08-20,2019-08-19,C&I,,NEM,NON272312,,,1254.8,1250,0.005,,2021-06-03 03:59:23.473649,
AgpxZPJT,1,25,125.6,2020-09-29,,C&I,CREF,CREF,NON313489,,,1252.1,1241,0.005,0.0025,2021-06-03 03:59:23.473649,
dUWfLXwS,1,25,52.1,2020-09-29,,C&I,,,NON313490,,,1252.1,1252.1,,,2021-06-03 03:59:23.473649,
iXvPwdGF,1,25,248.745,2020-10-27,,C&I,,,NON314336,,,1247.6,1247.6,,,2021-06-03 03:59:23.473649,
3NnJsDBD,1,26,172.8,2021-02-17,,C&I,,NEM,,,,1202.4,1202.4,0.005,,2021-06-03 03:59:23.473649,
PAMxgfSp,1,27,89.7,2019-09-04,2019-09-09,C&I,CREF,CREF,NON278647,NCS13,CleanChoice,1246.2,1287,0.005,,2021-06-03 03:59:23.473649,
88FMQdby,1,27,93.84,2019-09-04,2019-09-13,C&I,CREF,CREF,NON278643,NCS16,CleanChoice,1239,1287,0.005,,2021-06-03 03:59:23.473649,
askWfVzV,1,27,89.01,2019-09-04,2019-09-10,C&I,CREF,CREF,NON278644,NCS15,CleanChoice,1240.8,1287,0.005,,2021-06-03 03:59:23.473649,
KTs9gwg4,1,27,85.56,2019-09-04,2019-09-09,C&I,CREF,CREF,NON280916,NCS10,CleanChoice,1267.3,1287,0.005,,2021-06-03 03:59:23.473649,
HTuUeHcC,1,27,82.8,2019-09-04,2019-09-09,C&I,CREF,CREF,NON281138,NCS14,CleanChoice,1237.8,1287,0.005,,2021-06-03 03:59:23.473649,
qtnkppKW,1,28,73.4,2021-03-15,,C&I,,,,,,1220.6,1220.6,0.005,,2021-06-03 03:59:23.473649,
esGrBtr4,1,29,214.72999572753906,2020-03-17,,C&I,CREF,CREF,NON296295,NCS17,CleanChoice,1163.2,1266,0.005,0.005,2021-06-03 03:59:23.473649,
MqXxTgDv,1,30,218.2,2021-03-02,,C&I,,,,,,1273.5,1273.5,0.005,,2021-06-03 03:59:23.473649,
amM5s6nL,1,31,1149,2020-07-31,,C&I,,CREF,NON309274,,,1256,1256,0.005,,2021-06-03 03:59:23.473649,
LQCUJuva,1,32,51.9,2021-03-02,,C&I,,,,,,1236.1,1236.1,0.005,,2021-06-03 03:59:23.473649,
tnmvfwZ9,1,32,15.1,2021-03-05,,C&I,,,,,,1233.2,1233.2,0.005,,2021-06-03 03:59:23.473649,
e7wJEFPf,1,32,19.1,2021-03-02,,C&I,,,,,,1244,1244,0.005,,2021-06-03 03:59:23.473649,
CDp5hBK6,1,32,983.2,2021-03-26,,C&I,,,,,,1237.4,1237.4,0.005,,2021-06-03 03:59:23.473649,
NQpn6W2J,1,33,206,2018-02-05,,C&I,,NEM,NON223620,,,1162.3,1241,0.005,,2021-06-03 03:59:23.473649,
B57fepkM,1,34,4.2,2019-05-15,2019-05-15,Residential,Zero Cent PPA,NEM,NON263715,,,1250,1250,0.005,,2021-06-03 03:59:23.473649,
KtGuBAdV,1,34,3.45,2019-03-11,2019-03-11,Residential,Zero Cent PPA,NEM,NON263719,,,1250,1250,0.005,,2021-06-03 03:59:23.473649,
EUtLGu3L,1,34,4.5,2019-05-15,2019-05-15,Residential,Zero Cent PPA,NEM,NON262476,,,1250,1250,0.005,,2021-06-03 03:59:23.473649,
QcQasEXG,1,34,8.1,2019-05-15,2019-05-15,Residential,Zero Cent PPA,NEM,NON263720,,,1250,1250,0.005,,2021-06-03 03:59:23.473649,
fpGdVhFu,1,34,6.96,2019-03-13,2019-03-13,Residential,Zero Cent PPA,NEM,NON263712,,,1250,1250,0.005,,2021-06-03 03:59:23.473649,
5WCxZwJ4,1,34,5.1,2019-05-15,2019-05-15,Residential,Zero Cent PPA,NEM,NON263714,,,1250,1250,0.005,,2021-06-03 03:59:23.473649,
XVgfg7Ra,1,34,2.39,2019-03-15,2019-03-15,Residential,Zero Cent PPA,NEM,NON263718,,,1250,1250,0.005,,2021-06-03 03:59:23.473649,
EhkrejFE,1,34,2.4,2019-01-24,2019-01-24,Residential,Zero Cent PPA,NEM,NON263716,,,1250,1250,0.005,,2021-06-03 03:59:23.473649,
sSCCUcZo,1,34,6.6,2019-05-15,2019-05-15,Residential,Zero Cent PPA,NEM,NON263721,,,1250,1250,0.005,,2021-06-03 03:59:23.473649,
3ztVZDxP,1,34,3.42,2019-03-11,2019-03-11,Residential,Zero Cent PPA,NEM,NON263713,,,1250,1250,0.005,,2021-06-03 03:59:23.473649,
Kj9YhSjn,1,34,4.5,2019-05-15,2019-05-15,Residential,Zero Cent PPA,NEM,NON263717,,,1250,1250,0.005,,2021-06-03 03:59:23.473649,
ecFKqduA,1,35,510.69,2020-12-07,,C&I,,CREF,NON320013,,,1243.8,1243.8,0.005,0.0025,2021-06-03 03:59:23.473649,
hLkjToTu,1,36,263.72,2020-12-03,,C&I,,NEM,NON318951,,,1270.9,1270.9,0.005,,2021-06-03 03:59:23.473649,
HWGK2Aqk,1,37,102.6,2020-09-29,,C&I,,NEM,NON312989,,,1235.1,1235.1,0.005,,2021-06-03 03:59:23.473649,
K9kac48m,1,38,241.2,2020-11-25,,C&I,,,NON317042,,,1200.4,1200.4,0.005,0.005,2021-06-03 03:59:23.473649,
NRfgXk5G,1,39,2.85,2016-08-01,2016-08-01,Residential,Zero Cent PPA,NEM,,,,1250,1250,0.005,,2021-06-03 03:59:23.473649,
5LiXDoDW,1,39,3.12,2015-12-31,2015-12-31,Residential,Zero Cent PPA,NEM,,,,1250,1250,0.005,,2021-06-03 03:59:23.473649,
LPRuYPLy,1,39,2.6,2015-12-31,2015-12-31,Residential,Zero Cent PPA,NEM,,,,1250,1250,0.005,,2021-06-03 03:59:23.473649,
KU9AGD5G,1,39,3.9,2015-12-31,2015-12-31,Residential,Zero Cent PPA,NEM,,,,1250,1250,0.005,,2021-06-03 03:59:23.473649,
qJEL2nkY,1,39,3.78,2017-11-14,,Residential,Zero Cent PPA,NEM,NON104240,,,1250,1250,0.005,,2021-06-03 03:59:23.473649,
8YNYBsAm,1,39,7.14,2020-06-27,,Residential,,,NON314162,,,1250,1250,0.005,0.005,2021-06-03 03:59:23.473649,
9PxxDNdU,1,39,5.15,2020-01-22,2020-01-22,Residential,Zero Cent PPA,NEM,NON294594,,,1250,1250,0.005,0.005,2021-06-03 03:59:23.473649,
L6WoJ3NK,1,39,3.12,2015-12-31,2015-12-31,Residential,Zero Cent PPA,NEM,,,,1250,1250,0.005,,2021-06-03 03:59:23.473649,
Hh5kiq2i,1,40,68.4,2020-09-10,,C&I,PPA,NEM,NON313101,,,1262,1262,0.005,0.005,2021-06-03 03:59:23.473649,
okqcSvVB,1,41,83.82,2020-02-21,,C&I,CREF,CREF,NON296499,,,1251.3,1250,0.005,0.0025,2021-06-03 03:59:23.473649,
tDUAwoqa,1,41,60.06,2020-02-25,,C&I,CREF,CREF,NON299532,,,1248,1250,0.005,0.0025,2021-06-03 03:59:23.473649,
8x4TuRLh,1,41,35.97,2020-02-25,,C&I,CREF,CREF,NON299959,,,1279.9,1250,0.005,0.0025,2021-06-03 03:59:23.473649,
sm9tvu2n,1,41,85.8,2020-02-25,,C&I,CREF,CREF,NON297944,,,1254.2,1250,0.005,0.0025,2021-06-03 03:59:23.473649,
MTiBFscD,1,41,85.8,2020-05-04,,C&I,SFA,CREF,NON297893,,,1153.31,1250,0.005,0.0025,2021-06-03 03:59:23.473649,
AJWPUtgH,1,41,78.5,2020-03-12,2020-03-25,C&I,CREF,CREF,NON296292,,,1187,1250,0.005,0.0025,2021-06-03 03:59:23.473649,
aPDuiQG3,1,41,109.9,2020-04-22,,C&I,SFA,CREF,NON297894,,,1059,1250,0.005,0.0025,2021-06-03 03:59:23.473649,
aWMdh7oD,1,41,92.1,2020-02-21,,C&I,CREF,CREF,NON296503,,,1217.1,1250,0.005,0.0025,2021-06-03 03:59:23.473649,
R3zf6dXo,1,41,85.5,2020-05-04,,C&I,SFA,CREF,NON299789,,,1249.8,1250,0.005,0.0025,2021-06-03 03:59:23.473649,
YYGp4wkm,1,41,83.5,2020-02-21,,C&I,CREF,CREF,NON302789,,,1250.6,1250,0.005,0.0025,2021-06-03 03:59:23.473649,
KozJjwdj,1,41,89.8,2020-05-29,,C&I,SFA,CREF,NON299009,,,1155.4,1250,0.005,0.0025,2021-06-03 03:59:23.473649,
REqJpbR6,1,41,86.46,2020-04-22,,C&I,SFA,CREF,NON297935,,,1164.9,1250,0.005,0.0025,2021-06-03 03:59:23.473649,
XC6R42Y8,1,41,73.9,2020-04-28,,C&I,SFA,CREF,NON298022,,,1159.2,1250,0.005,0.0025,2021-06-03 03:59:23.473649,
febK5kRM,1,41,76.9,2020-04-28,,C&I,SFA,CREF,NON297902,,,1155.6,1250,0.005,0.0025,2021-06-03 03:59:23.473649,
QnKS7DFA,1,41,81.8,2020-03-12,,C&I,CREF,CREF,NON297861,,,1160.2,1250,0.005,0.0025,2021-06-03 03:59:23.473649,
PRTwr8Mg,1,42,81.9,2021-04-15,,C&I,,,,,,1209,1209,0.005,0.005,2021-06-03 03:59:23.473649,
hFjQMQMM,1,43,232.5,2019-12-21,2020-03-06,C&I,,NEM,NON297156,,,1171,1239,0.005,0.0025,2021-06-03 03:59:23.473649,
jhiVBw2b,1,85,58.9,2021-05-19,,C&I,,,,,,1200.4,1200.4,0.005,0.005,2021-06-03 03:59:23.473649,
HeVJBuDc,1,44,134.9,2020-06-29,,C&I,,CREF,NON302377,,,1228.5,1228.5,0.005,0.005,2021-06-03 03:59:23.473649,
Vwjeuu23,1,45,17.34000015258789,2019-12-31,,C&I,Ethos Prepaid PPA,CREF,NON295350,,,1360.9,1360.9,0.005,0.005,2021-06-03 03:59:23.473649,
ZXE74w3k,1,45,33.3,2019-12-31,,C&I,Ethos Prepaid PPA,CREF,NON297859,,,1315,1317.4,0.005,0.005,2021-06-03 03:59:23.473649,
JAjENNkb,1,46,39.439998626708984,2019-12-31,2020-01-16,C&I,CREF,CREF,NON297855,,,1265.9,1300,0.005,,2021-06-03 03:59:23.473649,
jfTW844n,1,47,90.5,2021-01-15,,C&I,,,,,,1175.6,1175.6,0.005,,2021-06-03 03:59:23.473649,
SDDBBBLk,1,48,30.600000381469727,2020-03-17,2020-03-25,C&I,,CREF,NON298436,,,1266,1266,0.005,,2021-06-03 03:59:23.473649,
qZE4iVgt,1,48,35.28,2020-12-28,,C&I,,,,,,1263.1,1263.1,0.005,,2021-06-03 03:59:23.473649,
Gj4b3MTP,1,48,46.4,2020-12-28,,C&I,,,,,,1209.2,1209.2,0.005,,2021-06-03 03:59:23.473649,
QUMMnXGf,1,48,23.760000228881836,2019-12-31,2020-03-06,C&I,,CREF,NON297856,,,1220,1220,0.005,,2021-06-03 03:59:23.473649,
jZznhuwV,1,48,35.279998779296875,2019-12-31,2020-01-22,C&I,,CREF,NON296761,,,1256,1256,0.005,,2021-06-03 03:59:23.473649,
HdxwiJGe,1,48,49,2020-02-25,2020-03-19,C&I,,,NON297940,,,1235.8,1235.8,,,2021-06-03 03:59:23.473649,
ETumf2az,1,48,80.63999938964844,2020-02-25,2020-02-20,C&I,,CREF,NON297990,,,1267.9,1267.9,0.005,0.005,2021-06-03 03:59:23.473649,
8ejNGAmH,1,48,48.599998474121094,2020-02-25,2020-03-19,C&I,,CREF,NON297152,,,1240.1,1240.1,0.005,0.005,2021-06-03 03:59:23.473649,
WNnyydfL,1,48,19.079999923706055,2020-02-21,,C&I,,CREF,NON296289,,,1267,1267,0.005,,2021-06-03 03:59:23.473649,
LRYXjqEj,1,85,,,,C&I,,,,,,,1250,0.005,0.0025,2021-06-03 03:59:23.473649,
HpTiKwLa,1,48,29.520000457763672,2020-02-23,2020-03-25,C&I,,CREF,NON296279,,,1241,1241,0.005,0.005,2021-06-03 03:59:23.473649,
tbANVfMW,1,48,32.400001525878906,2020-03-06,2020-03-25,C&I,,CREF,NON296281,,,1239,1239,0.005,,2021-06-03 03:59:23.473649,
rmqbeiVP,1,48,33.119998931884766,2020-03-06,2020-03-25,C&I,,CREF,NON296284,,,1239,1239,0.005,,2021-06-03 03:59:23.473649,
ghdiq5Ty,1,48,33.119998931884766,2020-03-06,2020-03-06,C&I,,CREF,NON296287,,,1228,1228,0.005,,2021-06-03 03:59:23.473649,
qfodEj4N,1,48,17.280000686645508,2020-01-23,2020-03-05,C&I,,CREF,NON296782,,,1230,1230,0.005,,2021-06-03 03:59:23.473649,
4rAgZ5Jm,1,48,17.280000686645508,2020-02-23,2020-03-06,C&I,,CREF,NON296272,,,1234,1234,0.005,,2021-06-03 03:59:23.473649,
omAfGTYG,1,48,274.67999267578125,2020-04-02,,C&I,,CREF,NON297853,,,1258,1258,0.005,,2021-06-03 03:59:23.473649,
VfjxGsmB,1,48,22.31999969482422,2019-12-31,2020-03-02,C&I,,CREF,NON297934,,,1258,1258,0.005,,2021-06-03 03:59:23.473649,
Zeic9Vf8,1,48,48.959999084472656,2019-12-31,2020-01-10,C&I,,CREF,NON297056,,,1270.9,1270.9,0.005,,2021-06-03 03:59:23.473649,
AkoCuuwn,1,48,21.600000381469727,2019-12-31,2020-01-10,C&I,,CREF,NON296274,,,1206,1206,0.005,,2021-06-03 03:59:23.473649,
t83sofHx,1,48,35.63999938964844,2019-12-31,,C&I,,CREF,NON296276,,,1241,1241,0.005,,2021-06-03 03:59:23.473649,
VcXFkFiA,1,48,36,2020-01-16,2020-01-31,C&I,,CREF,NON296291,,,1258.1,1258.1,0.005,0.005,2021-06-03 03:59:23.473649,
zvKpFwPG,1,48,28.799999237060547,2020-03-12,2020-03-16,C&I,,CREF,NON296271,,,1202.4,1202.4,0.005,0.005,2021-06-03 03:59:23.473649,
NLvUMRx3,1,49,96.9,2017-09-18,,C&I,,NEM,,,,1352.8,1352.800048828125,0.005,,2021-06-03 03:59:23.473649,
JeTiz59w,1,49,170.64,2017-11-15,2017-11-15,C&I,,NEM,,,,1244.3,1236.699951171875,0.005,,2021-06-03 03:59:23.473649,
SfLMfWK8,1,49,441.36,2017-12-12,2017-12-15,C&I,,NEM,,,,1275.1,1275.0999755859375,0.005,,2021-06-03 03:59:23.473649,
btGiEv9F,1,49,30.2,2018-08-01,2018-02-15,C&I,,NEM,,,,1334.8,1334.800048828125,0.005,,2021-06-03 03:59:23.473649,
KPKdCoDN,1,49,178.56,2018-09-01,2018-01-11,C&I,,NEM,,,,1278.8,1206,0.005,,2021-06-03 03:59:23.473649,
B5JKY9A2,1,49,36.85,2018-12-02,,C&I,NEM,NEM,NON228081,,,1259,1259,0.005,,2021-06-03 03:59:23.473649,
RzKQkke8,1,49,180.4,2017-01-11,2018-01-10,C&I,,NEM,,,,1281.1,1258,0.005,,2021-06-03 03:59:23.473649,
d2Ww9Bvv,1,49,259.8,2018-08-01,2018-01-08,C&I,,NEM,,,,1291.8,1240.1,0.005,,2021-06-03 03:59:23.473649,
nmTKhgg5,1,49,126,2017-11-15,2017-11-17,C&I,,NEM,,,,1202.9,1202.9000244140625,0.005,,2021-06-03 03:59:23.473649,
MH5tbKpP,1,50,2.85,2018-01-10,2018-01-10,Residential,Zero Cent PPA,NEM,NON220725,,,1250,1250,0.005,,2021-06-03 03:59:23.473649,
dzcWmQCG,1,50,2.16,2018-10-13,2018-10-13,Residential,Zero Cent PPA,NEM,NON241374,,,1250,1250,0.005,,2021-06-03 03:59:23.473649,
hhPhpvK4,1,50,2.94,2018-03-28,2018-03-28,Residential,Zero Cent PPA,NEM,NON228741,,,1250,1250,0.005,,2021-06-03 03:59:23.473649,
c8DLgGqe,1,50,3.45,2018-03-01,2018-03-01,Residential,Zero Cent PPA,NEM,NON221839,,,1250,1250,0.005,,2021-06-03 03:59:23.473649,
hhwTDNHA,1,50,3.99,2018-03-01,2018-03-01,Residential,Zero Cent PPA,NEM,NON221845,,,1250,1250,0.005,,2021-06-03 03:59:23.473649,
oySqJZV7,1,50,5.635,2018-09-06,2018-09-06,Residential,Zero Cent PPA,NEM,NON241628,,,1250,1250,0.005,,2021-06-03 03:59:23.473649,
GDhNFSTD,1,50,2.915,2018-09-06,2018-09-06,Residential,Zero Cent PPA,NEM,NON241377,,,1250,1250,0.005,,2021-06-03 03:59:23.473649,
WPLV3H5i,1,50,3.975,2018-04-11,2018-04-11,Residential,Zero Cent PPA,NEM,NON232301,,,1250,1250,0.005,,2021-06-03 03:59:23.473649,
jPGAZFtY,1,50,3.27,2018-08-21,2018-08-21,Residential,Zero Cent PPA,NEM,NON241625,,,1250,1250,0.005,,2021-06-03 03:59:23.473649,
rkLXJngK,1,50,3.64,2018-01-12,2018-01-12,Residential,Zero Cent PPA,NEM,NON219283,,,1250,1250,0.005,,2021-06-03 03:59:23.473649,
fpfKGUhZ,1,50,2.65,2018-03-01,2018-03-01,Residential,Zero Cent PPA,NEM,NON228746,,,1250,1250,0.005,,2021-06-03 03:59:23.473649,
6HPU2i2v,1,50,3.185,2018-03-14,2018-03-14,Residential,Zero Cent PPA,NEM,NON221841,,,1250,1250,0.005,,2021-06-03 03:59:23.473649,
TmZXxrsR,1,50,3,2018-08-21,2018-08-21,Residential,Zero Cent PPA,NEM,NON241382,,,1250,1250,0.005,,2021-06-03 03:59:23.473649,
sYuNjc6R,1,50,3.135,2019-03-11,2019-03-11,Residential,Zero Cent PPA,NEM,NON267405,,,1250,1250,0.005,,2021-06-03 03:59:23.473649,
Euq7Ssq4,1,50,2.616,2018-08-21,2018-08-21,Residential,Zero Cent PPA,NEM,NON241350,,,1250,1250,0.005,,2021-06-03 03:59:23.473649,
4CEtD6uW,1,50,3.445,2018-07-24,2018-07-24,Residential,Zero Cent PPA,NEM,NON231032,,,1250,1250,0.005,,2021-06-03 03:59:23.473649,
7eM3x7MM,1,50,3.924,2018-07-11,2018-07-11,Residential,Zero Cent PPA,NEM,NON228745,,,1250,1250,0.005,,2021-06-03 03:59:23.473649,
LzaKpxzP,1,50,3.42,2018-09-18,2018-09-18,Residential,Zero Cent PPA,NEM,NON241607,,,1250,1250,0.005,,2021-06-03 03:59:23.473649,
pmjs6csf,1,50,3.98,2018-12-31,2018-12-31,Residential,Zero Cent PPA,NEM,NON280885,,,1250,1250,0.005,,2021-06-03 03:59:23.473649,
VZvBeUc3,1,50,4.9,2018-11-06,2018-11-06,Residential,Zero Cent PPA,NEM,NON241337,,,1250,1250,0.005,,2021-06-03 03:59:23.473649,
cn2MVYGZ,1,50,2.6,2018-11-29,2018-11-29,Residential,Zero Cent PPA,NEM,NON241638,,,1250,1250,0.005,,2021-06-03 03:59:23.473649,
9AnKpQVV,1,50,3.18,2018-06-29,2018-06-29,Residential,Zero Cent PPA,NEM,NON229311,,,1250,1250,0.005,,2021-06-03 03:59:23.473649,
XtyfYL4R,1,50,4.9,2018-01-10,2018-01-10,Residential,Zero Cent PPA,NEM,NON220728,,,1250,1250,0.005,,2021-06-03 03:59:23.473649,
D33NdztG,1,50,3.417,2018-08-21,2018-08-21,Residential,Zero Cent PPA,NEM,NON241346,,,1250,1250,0.005,,2021-06-03 03:59:23.473649,
BKkXuSPF,1,50,3.71,2018-03-28,2018-03-28,Residential,Zero Cent PPA,NEM,NON223207,,,1250,1250,0.005,,2021-06-03 03:59:23.473649,
cKrCRYBF,1,50,2.45,2018-03-08,2018-03-08,Residential,Zero Cent PPA,NEM,NON221846,,,1250,1250,0.005,,2021-06-03 03:59:23.473649,
CX253EHS,1,50,5.3,2018-10-30,2018-10-30,Residential,Zero Cent PPA,NEM,NON241356,,,1250,1250,0.005,,2021-06-03 03:59:23.473649,
bP43Wtng,1,50,3.42,2018-03-28,2018-03-28,Residential,Zero Cent PPA,NEM,NON223611,,,1250,1250,0.005,,2021-06-03 03:59:23.473649,
CurLcFXP,1,50,2.45,2018-03-08,2018-03-08,Residential,Zero Cent PPA,NEM,NON228740,,,1250,1250,0.005,,2021-06-03 03:59:23.473649,
UUd2kYop,1,50,4.9,2018-01-12,2018-01-12,Residential,Zero Cent PPA,NEM,NON220729,,,1250,1250,0.005,,2021-06-03 03:59:23.473649,
dPkiWhhC,1,50,3.975,2018-03-28,2018-03-28,Residential,Zero Cent PPA,NEM,NON233676,,,1250,1250,0.005,,2021-06-03 03:59:23.473649,
72UvWRSL,1,50,4.24,2018-07-02,2018-07-02,Residential,Zero Cent PPA,NEM,NON228743,,,1250,1250,0.005,,2021-06-03 03:59:23.473649,
VFMmH6Y4,1,50,2.65,2018-12-31,2018-12-31,Residential,Zero Cent PPA,NEM,NON274817,,,1250,1250,0.005,,2021-06-03 03:59:23.473649,
SMQj8uqN,1,50,2.85,2018-11-09,2018-11-09,Residential,Zero Cent PPA,NEM,NON241368,,,1250,1250,0.005,,2021-06-03 03:59:23.473649,
FaDgnvTM,1,50,3.42,2018-10-12,2018-10-12,Residential,Zero Cent PPA,NEM,NON241605,,,1250,1250,0.005,,2021-06-03 03:59:23.473649,
Ud8xFikH,1,50,3.975,2018-07-18,2018-07-18,Residential,Zero Cent PPA,NEM,NON231028,,,1250,1250,0.005,,2021-06-03 03:59:23.473649,
bigkgWr7,1,50,3.18,2018-07-03,2018-07-03,Residential,Zero Cent PPA,NEM,NON228744,,,1250,1250,0.005,,2021-06-03 03:59:23.473649,
4FSQbotK,1,50,6.84,2018-01-16,2018-01-16,Residential,Zero Cent PPA,NEM,NON220731,,,1250,1250,0.005,,2021-06-03 03:59:23.473649,
eWLHdEZo,1,50,5.7,2018-01-12,2018-01-12,Residential,Zero Cent PPA,NEM,NON221834,,,1250,1250,0.005,,2021-06-03 03:59:23.473649,
B6ik8Anh,1,50,3.71,2018-08-21,2018-08-21,Residential,Zero Cent PPA,NEM,NON241617,,,1250,1250,0.005,,2021-06-03 03:59:23.473649,
XhG4qrt2,1,50,2.88,2018-12-17,2018-12-17,Residential,Zero Cent PPA,NEM,NON242068,,,1250,1250,0.005,,2021-06-03 03:59:23.473649,
XX8npDXn,1,50,2.12,2018-03-08,2018-03-08,Residential,Zero Cent PPA,NEM,NON228742,,,1250,1250,0.005,,2021-06-03 03:59:23.473649,
3oDS5UoQ,1,50,3.43,2018-01-16,2018-01-16,Residential,Zero Cent PPA,NEM,NON221831,,,1250,1250,0.005,,2021-06-03 03:59:23.473649,
4oWtZCfd,1,50,4.56,2018-01-16,2018-01-16,Residential,Zero Cent PPA,NEM,NON228739,,,1250,1250,0.005,,2021-06-03 03:59:23.473649,
Fdk4pbRc,1,50,3.675,2018-07-18,2018-07-18,Residential,Zero Cent PPA,NEM,NON231030,,,1250,1250,0.005,,2021-06-03 03:59:23.473649,
VGbD7qTD,1,50,4.24,2018-11-16,2018-11-16,Residential,Zero Cent PPA,NEM,NON242067,,,1250,1250,0.005,,2021-06-03 03:59:23.473649,
Q8vgKAKd,1,50,2.75,2019-01-28,2019-01-28,Residential,Zero Cent PPA,NEM,NON267223,,,1250,1250,0.005,,2021-06-03 03:59:23.473649,
X3iWkTzS,1,50,3.975,2018-10-31,2018-10-31,Residential,Zero Cent PPA,NEM,NON241373,,,1250,1250,0.005,,2021-06-03 03:59:23.473649,
ErjuMz59,1,50,6.615,2018-01-12,2018-01-12,Residential,Zero Cent PPA,NEM,NON220732,,,1250,1250,0.005,,2021-06-03 03:59:23.473649,
XwY2hDot,1,50,5.3,2018-11-06,2018-11-06,Residential,Zero Cent PPA,NEM,NON241627,,,1250,1250,0.005,,2021-06-03 03:59:23.473649,
bFqpNCfT,1,50,1.71,2018-03-14,2018-03-14,Residential,Zero Cent PPA,NEM,NON220736,,,1250,1250,0.005,,2021-06-03 03:59:23.473649,
6zrhG62J,1,50,4.235,2018-07-18,2018-07-18,Residential,Zero Cent PPA,NEM,NON231029,,,1250,1250,0.005,,2021-06-03 03:59:23.473649,
ZzA9oQXM,1,50,4.16,2018-03-01,2018-03-01,Residential,Zero Cent PPA,NEM,NON221840,,,1250,1250,0.005,,2021-06-03 03:59:23.473649,
G858ToqL,1,50,2.205,2018-01-10,2018-01-10,Residential,Zero Cent PPA,NEM,NON221832,,,1250,1250,0.005,,2021-06-03 03:59:23.473649,
iWTMDRR3,1,50,4.16,2018-03-01,2018-03-01,Residential,Zero Cent PPA,NEM,NON221842,,,1250,1250,0.005,,2021-06-03 03:59:23.473649,
J4wD4eS3,1,50,3.71,2018-03-14,2018-03-14,Residential,Zero Cent PPA,NEM,NON221843,,,1250,1250,0.005,,2021-06-03 03:59:23.473649,
gAQUG8Hb,1,50,4.505,2018-03-14,2018-03-14,Residential,Zero Cent PPA,NEM,NON220735,,,1250,1250,0.005,,2021-06-03 03:59:23.473649,
n8bqQ2dP,1,50,3.92,2018-01-12,2018-01-12,Residential,Zero Cent PPA,NEM,NON220727,,,1250,1250,0.005,,2021-06-03 03:59:23.473649,
qF6ByVhw,1,50,3.92,2018-08-21,2018-08-21,Residential,Zero Cent PPA,NEM,NON233687,,,1250,1250,0.005,,2021-06-03 03:59:23.473649,
GmjcbaEE,1,50,5.78,2018-10-30,2018-10-30,Residential,Zero Cent PPA,NEM,NON241689,,,1250,1250,0.005,,2021-06-03 03:59:23.473649,
CffCfhQ2,1,50,3.76,2018-04-05,2018-04-05,Residential,Zero Cent PPA,NEM,NON233678,,,1250,1250,0.005,,2021-06-03 03:59:23.473649,
KaFhvAAX,1,50,5.25,2018-12-17,2018-12-17,Residential,Zero Cent PPA,NEM,NON241705,,,1250,1250,0.005,,2021-06-03 03:59:23.473649,
X8UGuukt,1,50,4.165,2018-03-28,2018-03-28,Residential,Zero Cent PPA,NEM,NON231031,,,1250,1250,0.005,,2021-06-03 03:59:23.473649,
GUBrJGXs,1,50,3.66,2018-03-29,2018-03-29,Residential,Zero Cent PPA,NEM,NON223206,,,1250,1250,0.005,,2021-06-03 03:59:23.473649,
ULDs7SCZ,1,50,3.71,2018-03-08,2018-03-08,Residential,Zero Cent PPA,NEM,NON221844,,,1250,1250,0.005,,2021-06-03 03:59:23.473649,
AgD2qye4,1,50,1.74,2018-09-25,2018-09-25,Residential,Zero Cent PPA,NEM,NON241629,,,1250,1250,0.005,,2021-06-03 03:59:23.473649,
5TGBMeRr,1,50,4.32,2018-05-18,2018-05-18,Residential,Zero Cent PPA,NEM,NON233675,,,1250,1250,0.005,,2021-06-03 03:59:23.473649,
oru2MFsU,1,50,4.16,2018-05-17,2018-05-17,Residential,Zero Cent PPA,NEM,NON233669,,,1250,1250,0.005,,2021-06-03 03:59:23.473649,
bB787nnM,1,50,3.9,2018-03-14,2018-03-14,Residential,Zero Cent PPA,NEM,NON223209,,,1250,1250,0.005,,2021-06-03 03:59:23.473649,
fzxmJ7E2,1,50,2.943,2018-09-20,2018-09-20,Residential,Zero Cent PPA,NEM,NON241381,,,1250,1250,0.005,,2021-06-03 03:59:23.473649,
A7LyNP6G,1,50,2.12,2018-09-12,2018-09-12,Residential,Zero Cent PPA,NEM,NON241372,,,1250,1250,0.005,,2021-06-03 03:59:23.473649,
Uyykh5kK,1,50,2.16,2018-03-28,2018-03-28,Residential,Zero Cent PPA,NEM,NON228750,,,1250,1250,0.005,,2021-06-03 03:59:23.473649,
kFoAxT7W,1,50,2.12,2018-12-07,2018-12-07,Residential,Zero Cent PPA,NEM,NON241704,,,1250,1250,0.005,,2021-06-03 03:59:23.473649,
XGWzqZMr,1,50,4.42,2018-01-09,2018-01-09,Residential,Zero Cent PPA,NEM,NON221836,,,1250,1250,0.005,,2021-06-03 03:59:23.473649,
mKheVE2d,1,51,92.5,2020-12-19,,C&I,,,,,,1179,1179,0.005,,2021-06-03 03:59:23.473649,
j6sZiAYY,1,52,35.88,2019-12-13,,C&I,Ethos Prepaid PPA,,NON297937,,,1212.5,1326,0.005,0.005,2021-06-03 03:59:23.473649,
UASoaw2J,1,52,45.54,2019-12-31,2020-02-28,C&I,Ethos Prepaid PPA,CREF,NON295349,,,1249.2,1305,0.005,0.005,2021-06-03 03:59:23.473649,
8dEpWXUH,1,52,15.86999,2019-12-31,2020-03-16,C&I,Ethos Prepaid PPA,CREF,NON295351,,,1266,1317,0.005,0.005,2021-06-03 03:59:23.473649,
XRwBvPxC,1,53,59,2018-09-26,2018-10-31,C&I,NEM,NEM,NON241700,,,1215.7,1215.699951171875,0.005,,2021-06-03 03:59:23.473649,
56XBWDhT,1,53,40,2018-09-28,2018-05-05,C&I,NEM,NEM,NON241695,,,954.7,1170,0.005,0.005,2021-06-03 03:59:23.473649,
4qv9aTyM,1,54,322.9,2019-04-03,,C&I,PPA,NEM,NON254567,,,1318,1318,0.005,,2021-06-03 03:59:23.473649,
ka2SJGY2,1,85,404.3,,,C&I,,,,,,,,,,2021-06-03 03:59:23.473649,
ZnPofD4v,1,55,21.799999237060547,2019-12-31,2020-01-14,C&I,CREF,CREF,NON299375,,,1242,1244,0.005,0.005,2021-06-03 03:59:23.473649,
cexfBwZJ,1,55,21.799999237060547,2019-12-31,2020-01-15,C&I,CREF,CREF,NON296786,,,1222,1221,0.005,0.005,2021-06-03 03:59:23.473649,
Nh8Zkhm3,1,55,21.799999237060547,2019-12-31,2020-01-14,C&I,CREF,CREF,NON295415,,,1209,1212,0.005,0.005,2021-06-03 03:59:23.473649,
Uxvgi5su,1,55,21.399999618530273,2019-12-31,2020-01-15,C&I,CREF,CREF,NON296783,,,1188,1188,0.005,0.0025,2021-06-03 03:59:23.473649,
KwY7q8rx,1,55,21.399999618530273,2019-12-31,2020-01-13,C&I,CREF,CREF,NON296785,,,1221,1222,0.005,0.0025,2021-06-03 03:59:23.473649,
qVadJxXH,1,85,32.37,2021-05-19,,C&I,,,,,,1227,1227,0.005,0.005,2021-06-03 03:59:23.473649,
oALYJGkD,1,56,195.3,2019-12-14,2019-12-14,C&I,,NEM,NON281241,,,1325,1220,0.005,0.0025,2021-06-03 03:59:23.473649,
Giw4Zk3G,1,57,159.1,2019-05-22,,C&I,,NEM,NON261741,,,1286.1,1286,0.005,,2021-06-03 03:59:23.473649,
4FbAzTVD,1,58,25.13,2018-11-29,2018-12-04,C&I,NEM,NEM,NON241648,,,1131,1131,0.005,,2021-06-03 03:59:23.473649,
724NEKrh,1,58,61.6,2019-05-03,2019-04-17,C&I,CREF,CREF,NON250339,NCS11,CleanChoice,1219,1219,0.005,,2021-06-03 03:59:23.473649,
ek6YqHFq,1,58,30.6,2018-12-28,2019-02-19,C&I,CREF,CREF,NON242077,NCS09,CleanChoice,1224,1224,0.005,,2021-06-03 03:59:23.473649,
Jx3DJ5Kn,1,58,51.59,2018-07-12,,C&I,NEM,NEM,NON241653,,,1251.8,1257,0.005,,2021-06-03 03:59:23.473649,
8GniqiNd,1,58,77.52,2018-07-12,,C&I,NEM,NEM,NON241708,,,1214,1214,0.005,,2021-06-03 03:59:23.473649,
7tyzNxyX,1,59,29.88,2019-12-12,2019-12-20,C&I,NEM PPA,NEM,NON280849,,,1216.5,1259.2,0.005,0.0025,2021-06-03 03:59:23.473649,
ShsBqLxA,1,59,131.0399932861328,2019-12-12,2020-01-10,C&I,NEM PPA,NEM,NON293883,,,1228.5,1234.9,0.005,0.0025,2021-06-03 03:59:23.473649,
avhVpeai,1,59,30.600000381469727,2019-12-12,,C&I,NEM PPA,NEM,,,,1222.5,1234.9,0.005,0.005,2021-06-03 03:59:23.473649,
qhwmQ9ts,1,60,171.5,2020-09-23,,C&I,,NEM,NON311191,,,1250.9,1250.9,0.005,,2021-06-03 03:59:23.473649,
ej6NJTE9,1,85,20.4,2021-05-12,,C&I,,,,,,1233.9,1233.9,0.005,0.005,2021-06-03 03:59:23.473649,
hfdtVKgS,1,61,214.4,2020-09-04,,C&I,,NEM,NON313098,,,1250.6,1250.6,0.005,0.0025,2021-06-03 03:59:23.473649,
t4Riw6rb,1,62,77.4,2021-04-15,,C&I,,,,,,1205.9,1205.9,0.005,0.005,2021-06-03 03:59:23.473649,
dUbd23wQ,1,63,81.9,2020-05-11,,C&I,,NEM,NON299210,,,1205,1205,0.005,,2021-06-03 03:59:23.473649,
gXwfgdGx,1,64,31.17,2017-07-04,2017-10-04,C&I,,NEM,NON203444,,,1258,1258,0.005,,2021-06-03 03:59:23.473649,
9Gi25ktA,1,85,93.6,2021-05-13,,C&I,,,,,,1008.2,1008.2,0.005,,2021-06-03 03:59:23.473649,
ZPBWCX32,1,85,65.9,2021-05-14,,C&I,,,,,,975.2,975.2,0.005,,2021-06-03 03:59:23.473649,
bx5azmQa,1,85,60.5,2021-05-14,,C&I,,,,,,984,984,0.005,,2021-06-03 03:59:23.473649,
Daw8NqcU,1,85,72.5,2021-05-21,,C&I,,,,,,1261.1,1261.1,0.005,,2021-06-03 03:59:23.473649,
DyoPTVRm,1,85,93.6,2021-05-14,,C&I,,,,,,1001.4,1001.4,0.005,,2021-06-03 03:59:23.473649,
EW9WZdwU,1,85,66.3,2021-05-14,,C&I,,,,,,997.4,997.4,0.005,,2021-06-03 03:59:23.473649,
oPfaPFDQ,1,85,57.7,2021-05-14,,C&I,,,,,,1082.4,1082.4,0.005,,2021-06-03 03:59:23.473649,
rYn7AZy8,1,85,73.3,2021-05-17,,C&I,,,,,,998.5,998.5,0.005,,2021-06-03 03:59:23.473649,
ExnspRUM,1,85,62.4,2021-05-17,,C&I,,,,,,983.5,983.5,0.005,,2021-06-03 03:59:23.473649,
kyVfxkQ8,1,85,93.6,2021-05-14,,C&I,,,,,,1281.4,1281.4,0.005,,2021-06-03 03:59:23.473649,
SP3pWiND,1,85,68.3,2021-05-14,,C&I,,,,,,1292,1292,0.005,,2021-06-03 03:59:23.473649,
SCCBZfJq,1,85,70.2,2021-05-14,,C&I,,,,,,1283,1283,0.005,,2021-06-03 03:59:23.473649,
oDj3oZRh,1,85,67.5,2021-05-19,,C&I,,,,,,1266.1,1266.1,0.005,,2021-06-03 03:59:23.473649,
6bjLVgHG,1,85,92.4,2021-05-14,,C&I,,,,,,1200.7,1200.7,0.005,,2021-06-03 03:59:23.473649,
H73VXdsL,1,85,85.8,2021-05-14,,C&I,,,,,,1233.3,1233.3,0.005,,2021-06-03 03:59:23.473649,
Rh4iebBU,1,85,74.1,2021-05-13,,C&I,,,,,,1320,1320,0.005,,2021-06-03 03:59:23.473649,
Vb2mz2mX,1,85,61.6,2021-05-14,,C&I,,,,,,1317.2,1317.2,0.005,,2021-06-03 03:59:23.473649,
cqq2YshZ,1,85,71.8,2021-05-14,,C&I,,,,,,1306.2,1306.2,0.005,,2021-06-03 03:59:23.473649,
j7Mnn9Es,1,85,90.1,2021-05-14,,C&I,,,,,,1233.7,1233.7,0.005,,2021-06-03 03:59:23.473649,
txDbMJEg,1,85,93.6,2021-05-14,,C&I,,,,,,1225.2,1225.2,0.005,,2021-06-03 03:59:23.473649,
GgQLJaAa,1,85,69.4,2021-05-14,,C&I,,,,,,1270.5,1270.5,0.005,,2021-06-03 03:59:23.473649,
42gm9ZRb,1,85,72.2,2021-05-14,,C&I,,,,,,1215.9,1215.9,0.005,,2021-06-03 03:59:23.473649,
7SyafWwB,1,85,63.2,2021-05-17,,C&I,,,,,,1283.1,1283.1,0.005,,2021-06-03 03:59:23.473649,
rEvM3drB,1,85,80,2021-05-13,,C&I,,,,,,1254.3,1254.3,0.005,,2021-06-03 03:59:23.473649,
9p6Q6tTu,1,65,37.06,2020-02-06,2020-03-06,C&I,CREF,NEM,NON293678,,,1251,1230,0.005,0.0025,2021-06-03 03:59:23.473649,
JPShQPdr,1,65,146.3,2020-06-04,,C&I,CREF,CREF,NON299788,,,1229,1230,0.005,0.0025,2021-06-03 03:59:23.473649,
ZB2MBs7P,1,85,9.75,,,Residential,,,NON321180,,,,,,,2021-06-03 03:59:23.473649,
h9SbzmPf,1,85,2.24,2020-02-21,,Residential,,,NON303930,,,1250,1250,,,2021-06-03 03:59:23.473649,
sVh5DNMB,1,85,4.88,2020-11-25,,Residential,,,,,,1250,1250,,,2021-06-03 03:59:23.473649,
qtpTd2Kj,1,85,4.48,2020-02-21,,Residential,,,NON305120,,,1250,1250,,,2021-06-03 03:59:23.473649,
T3anAYfd,1,85,3.05,2020-10-07,,Residential,,,AWAITING,,,1250,1250,,,2021-06-03 03:59:23.473649,
PCaNQ5ZN,1,85,5.88,2020-06-25,,Residential,,,NON306243,,,1250,1250,,,2021-06-03 03:59:23.473649,
WxGjFyAk,1,85,4.76,2020-02-25,,Residential,,,NON303931,,,1250,1250,,,2021-06-03 03:59:23.473649,
oRQEER2L,1,85,3.08,2020-03-10,,Residential,,,NON303184,,,1250,1250,,,2021-06-03 03:59:23.473649,
cCkimh32,1,85,2.44,2020-11-25,,Residential,,,AWAITING,,,1250,1250,,,2021-06-03 03:59:23.473649,
sNaNjxqz,1,85,5.04,2020-01-31,,Residential,,,NON300605,,,1250,1250,,,2021-06-03 03:59:23.473649,
eefY9GfF,1,85,3.54,2020-06-03,,Residential,,,NON317094,,,1250,1250,,,2021-06-03 03:59:23.473649,
RKxQmwn2,1,85,3.9,2020-11-12,,Residential,,,,,,1250,1250,,,2021-06-03 03:59:23.473649,
Prkk6dhi,1,85,6.1,,,Residential,,,,,,1250,1250,,,2021-06-03 03:59:23.473649,
NTYWaZx3,1,85,4.27,,,Residential,,,AWAITING,,,1250,1250,,,2021-06-03 03:59:23.473649,
faLYpiGq,1,85,4.48,2020-09-24,,Residential,,,NON313511,,,1250,1250,,,2021-06-03 03:59:23.473649,
k3eAGfmu,1,85,2.52,2020-10-15,,Residential,,,NON313507,,,1250,1250,,,2021-06-03 03:59:23.473649,
kLaoohaa,1,85,2.24,2020-09-22,,Residential,,,NON313502,,,1250,1250,,,2021-06-03 03:59:23.473649,
L7tHxh26,1,85,5.88,2020-06-16,,Residential,,,NON306248,,,1250,1250,,,2021-06-03 03:59:23.473649,
ZSFshPDu,1,85,3.08,2020-02-21,,Residential,,,NON302057,,,1250,1250,,,2021-06-03 03:59:23.473649,
GKx6YTc7,1,85,3.92,2020-02-21,,Residential,,,NON304480,,,1250,1250,,,2021-06-03 03:59:23.473649,
Razett2S,1,85,3.92,2020-03-16,,Residential,,,NON304556,,,1250,1250,,,2021-06-03 03:59:23.473649,
tYFwLbf5,1,85,5.6,2020-02-21,,Residential,,,NON304557,,,1250,1250,,,2021-06-03 03:59:23.473649,
dKTSH4Zh,1,85,4.2,2020-06-17,,Residential,,,NON306918,,,1250,1250,,,2021-06-03 03:59:23.473649,
DTCZDVxu,1,85,3.36,2020-07-16,,Residential,,,AWAITING,,,1250,1250,,,2021-06-03 03:59:23.473649,
pNzV8fZA,1,85,3.66,,,Residential,,,,,,1250,1250,,,2021-06-03 03:59:23.473649,
D9Fyqv4b,1,85,4.2,2020-03-16,,Residential,,,NON306256,,,1250,1250,,,2021-06-03 03:59:23.473649,
UzjFjJYd,1,85,2.24,2020-07-28,,Residential,,,AWAITING,,,1250,1250,,,2021-06-03 03:59:23.473649,
9eSEXdEf,1,85,3.36,2020-06-26,,Residential,,,NON306237,,,1250,1250,,,2021-06-03 03:59:23.473649,
obm4nHKf,1,85,4.2,,,Residential,,,NON314333,,,1250,1250,,,2021-06-03 03:59:23.473649,
LCuKYfun,1,66,53.72,2018-11-19,2018-12-21,C&I,CREF,NEM,NON241602,NCS08,Arcadia,1202,1366,0.005,,2021-06-03 03:59:23.473649,
qnAdE24v,1,85,2.44,2020-09-08,,Residential,,,NON311616,,,1250,1250,,,2021-06-03 03:59:23.473649,
HzaD2eCR,1,85,4.48,2020-01-22,,Residential,,,NON300606,,,1250,1250,,,2021-06-03 03:59:23.473649,
LB65JrT3,1,85,3.36,2020-08-19,,Residential,,,AWAITING,,,1250,1250,,,2021-06-03 03:59:23.473649,
4QUYUBwx,1,85,3.92,,,Residential,,,AWAITING,,,1250,1250,,,2021-06-03 03:59:23.473649,
UoTpi6eu,1,85,5.49,2020-11-30,,Residential,,,,,,1250,1250,,,2021-06-03 03:59:23.473649,
r5k5Wskb,1,85,7.015,2020-07-16,,Residential,,,NON304530,,,1250,1250,,,2021-06-03 03:59:23.473649,
YpiKAFWm,1,66,9.86,2018-01-12,,C&I,,,NON216860,,,1250,1250,0.005,,2021-06-03 03:59:23.473649,
B8BWa5zx,1,85,4.2,,,Residential,,,,,,1250,1250,,,2021-06-03 03:59:23.473649,
mujNo6he,1,67,63.5,2019-09-06,2019-09-06,C&I,CREF,CREF,NON271560,NCS18,CleanChoice,1291.8,1291.800048828125,0.005,,2021-06-03 03:59:23.473649,
ki2YusPx,1,68,39.7,2020-09-11,,C&I,PPA,NEM,NON311187,,,1294.9,1294.9,0.005,0.005,2021-06-03 03:59:23.473649,
t2tUUD5A,1,69,63.7,2020-06-30,,C&I,,CREF,NON304704,,,1168.7,1168.7,0.005,0.0025,2021-06-03 03:59:23.473649,
9yJdvTyM,1,69,129.6,2020-08-10,2020-08-10,C&I,,CREF,NON305858,,,1211.3,1211.3,0.005,0.0025,2021-06-03 03:59:23.473649,
iUUik7Z6,1,70,291.18,2020-12-04,,C&I,,CREF,Unassigned 12/16,,,1215.7,1215.7,0.005,0.0025,2021-06-03 03:59:23.473649,
Zkcjpc8v,1,71,132.8,2020-07-29,,C&I,,CREF,NON304531,,,1169,1169,0.005,0.0025,2021-06-03 03:59:23.473649,
KWF2y7PX,1,72,180.435,2020-12-04,,C&I,,CREF,,,,1256.2,1256.2,0.005,0.0025,2021-06-03 03:59:23.473649,
LdsFVeaB,1,73,61.2,2018-11-26,2018-11-27,C&I,CREF,CREF,NON241623,NCS06,Arcadia,1221.3,1279,0.005,,2021-06-03 03:59:23.473649,
FvwPcQWS,1,74,175.6,2020-12-15,,C&I,,,,,,1246.9,1246.9,0.005,,2021-06-03 03:59:23.473649,
4CLfAuJq,1,75,137,2020-08-11,2020-08-12,C&I,,CREF,NON318932,,,1283,1283,0.005,0.0025,2021-06-03 03:59:23.473649,
7WFfBRbZ,1,76,137.5,2020-08-31,,C&I,,CREF,NON307980,,,1274.1,1250,0.005,0.0025,2021-06-03 03:59:23.473649,
HMCxXnfB,1,76,107.6,2020-05-14,,C&I,SFA,CREF,NON299962,,,1262,1250,0.005,0.0025,2021-06-03 03:59:23.473649,
ZvSGESam,1,77,45,2020-12-14,,C&I,,NEM,,,,1244.8,1244.8,0.005,,2021-06-03 03:59:23.473649,
BGug2z3C,1,77,45,2020-12-23,,C&I,,NEM,,,,1244.8,1244.8,0.005,,2021-06-03 03:59:23.473649,
aCh7EDtM,1,77,45,2020-12-10,,C&I,,NEM,,,,1243.3,1243.3,0.005,,2021-06-03 03:59:23.473649,
PbFaecVY,1,77,45,2020-12-14,,C&I,,NEM,,,,1244,1244,0.005,,2021-06-03 03:59:23.473649,
ERoCjJR4,1,77,46.8,2020-12-14,,C&I,,NEM,,,,1242.7,1242.7,0.005,,2021-06-03 03:59:23.473649,
7o59qwF8,1,77,45.7,2020-12-14,,C&I,,NEM,,,,1244,1244,0.005,,2021-06-03 03:59:23.473649,
CchpuaFu,1,77,45.7,2020-12-14,,C&I,,NEM,,,,1243.6,1243.6,0.005,,2021-06-03 03:59:23.473649,
da5VNxEB,1,77,44.3,2020-12-14,,C&I,,NEM,,,,1243.8,1243.8,0.005,,2021-06-03 03:59:23.473649,
ZTgGZhSt,1,77,46.1,2021-02-17,,C&I,,NEM,,,,1242.8,1242.8,0.005,,2021-06-03 03:59:23.473649,
qjL4y27M,1,77,48.6,2020-12-14,,C&I,,NEM,,,,1243.1,1243.1,0.005,,2021-06-03 03:59:23.473649,
mAfXpoN6,1,77,46.8,2020-12-13,,C&I,,NEM,,,,1243.1,1243.1,0.005,,2021-06-03 03:59:23.473649,
o65qioGg,1,77,48.6,2020-12-13,,C&I,,NEM,,,,1212.7,1212.7,0.005,,2021-06-03 03:59:23.473649,
jyLNRUxW,1,77,48.6,2020-12-13,,C&I,,NEM,,,,1243.1,1243.1,0.005,,2021-06-03 03:59:23.473649,
CnqREidJ,1,77,46.8,2020-12-13,,C&I,,NEM,,,,1234.5,1234.5,0.005,,2021-06-03 03:59:23.473649,
9EUCfnGw,1,78,82.7,2021-03-08,,C&I,,,,,,1239.9,1239.9,0.005,,2021-06-03 03:59:23.473649,
SEa2urLB,1,79,128.9,2019-12-16,,C&I,NEM,NEM,NON308142,,,1180.8,1250,0.005,0.0025,2021-06-03 03:59:23.473649,
ANsUrXnV,1,79,116.96,2020-12-04,,C&I,NEM,NEM,,,,1273.7,1250,0.005,0.0025,2021-06-03 03:59:23.473649,
AqhXAjXo,1,79,55.08,2019-12-16,,C&I,NEM,NEM,NON308687,,,1203.9,1250,0.005,0.0025,2021-06-03 03:59:23.473649,
ZceGJDSE,1,79,49.98,2019-12-16,,C&I,NEM,NEM,NON308689,,,1181.1,1250,0.005,0.0025,2021-06-03 03:59:23.473649,
Cava45w6,1,79,228.48,2020-12-04,,C&I,NEM,NEM,,,,1188.9,1228,0.005,0.0025,2021-06-03 03:59:23.473649,
m5uGsKac,1,80,230.8,2021-04-29,,C&I,,,,,,1254,1254,0.005,0.005,2021-06-03 03:59:23.473649,
GNbC7urw,1,81,4.02,2018-12-14,,Residential,Zero Cent PPA,NEM,NON266674,,,1250,1250,0.005,,2021-06-03 03:59:23.473649,
jDnENjDN,1,81,4.62,2019-03-29,,Residential,Zero Cent PPA,NEM,NON254959,,,1250,1250,0.005,,2021-06-03 03:59:23.473649,
rWGpJCs8,1,82,425.6,2020-11-13,,C&I,,,,,,1238.5,1238.5,0.005,0.005,2021-06-03 03:59:23.473649,
AVVpmsZ2,1,82,590.86,2020-11-13,,C&I,,,,,,1237.5,1237.5,0.005,0.005,2021-06-03 03:59:23.473649,
Xn9xnU9F,1,83,7.84,2018-11-26,,C&I,,NEM,,,,1250,1250,0.005,0.005,2021-06-03 03:59:23.473649,
BdSW3oAC,1,84,24.57,2016-09-27,,C&I,,NEM,,,,0,0,0.005,0.005,2021-06-03 03:59:23.473649,
Qgb84Kyk,1,84,12.3,2016-09-21,,C&I,,NEM,,,,0,0,0.005,0.005,2021-06-03 03:59:23.473649,
3iWN3Tby,1,84,18.9,2016-09-21,,C&I,,NEM,,,,0,0,0.005,0.005,2021-06-03 03:59:23.473649,
3g6xcLhH,1,84,21.7,2016-09-22,,C&I,,NEM,,,,1129.57,1129.57,0.005,0.005,2021-06-03 03:59:23.473649,
Q5wHE4Ct,1,84,12.6,2016-09-13,,C&I,,NEM,,,,0,0,0.005,0.005,2021-06-03 03:59:23.473649,
rokVNeTF,1,84,93.24,2017-07-11,,C&I,,NEM,,,,1211,1239,0.005,,2021-06-03 03:59:23.473649,
pgSHiTNX,1,84,15.84,2016-09-16,,C&I,,NEM,,,,0,0,0.005,0.005,2021-06-03 03:59:23.473649,
ddZyQa8W,1,84,26.4,2016-09-13,,C&I,,NEM,,,,0,0,0.005,0.005,2021-06-03 03:59:23.473649,
mDbjeDAd,1,84,13.2,2016-09-16,,C&I,,NEM,,,,0,0,0.005,0.005,2021-06-03 03:59:23.473649,
